genome	coverage	breadth	nucl_diversity	length	true_scaffolds	detected_scaffolds	coverage_median	coverage_std	coverage_SEM	breadth_minCov	breadth_expected	nucl_diversity_rarefied	conANI_reference	popANI_reference	iRep	iRep_GC_corrected	linked_SNV_count	SNV_distance_mean	r2_mean	d_prime_mean	consensus_divergent_sites	population_divergent_sites	SNS_count	SNV_count	filtered_read_pair_count	reads_unfiltered_pairs	reads_mean_PID	reads_unfiltered_reads	divergent_site_count
GUT_GENOME000031.fna	2.3125646911467745	0.6230681417522024	0.0019258579866596	4055810	14	13	1	2.8444726416711066	0.0014129050487069	0.1921916953703452	0.8702303887967746	0.000911919763507	0.9557071070554836	0.955835395571224		False	9	4.888888888888889	0.3495724857780196	1.0	34526	34426	34397	857	41057	48022	0.9478070292370894	103631	35254
GUT_GENOME096248.fna	5.31293849738652	0.0763737063559926	0.0045938262444858	2892121	17	9	0	30.74923871565183	0.0180917944108619	0.0593585123167391	0.9908254753274706	0.0029848492503688	0.9747192320238596	0.9753541637541358		False	604	18.289735099337747	0.7945290943566171	0.9825972308117004	4340	4231	4205	714	68640	71901	0.9764488836395911	162278	4919
GUT_GENOME141005.fna	248.1846200592192	0.9261616517735252	0.0032401105273907	3017944	1	1	267	82.93428953328092	0.0477411639377396	0.9251391013219596	1.0	0.0030602429118206	0.9955003871751544	0.9956715895098096		False	10009	95.77620141872316	0.6889824553685637	0.973335079792764	12563	12085	12001	1713	3208921	3262518	0.993997206051262	6568486	13714
GUT_GENOME143383.fna	39.93631099568085	0.8919922623798663	0.0034481634040559	6750396	80	74	43	18.15614844210774	0.0069963967896825	0.8887721549965365	0.9999999999999996	0.0032759103412149	0.990765662304794	0.9909130063451278		False	17636	31.955261964164208	0.8203278337792457	0.985382915072657	55402	54518	54546	17402	1209246	1217264	0.9868019073773876	2454826	71948
